user_id,email,phone_number,full_name,created_at,updated_at,marketing_opt_in,source
web_0001,marc74@example.com,61405147705.0,Marc Hernandez,2025-10-14T12:08:41.568713Z,2025-10-14T12:08:41.568713Z,,Website
web_0002,robert89@example.com,61478077406.0,Robert Charles,2025-10-14T06:38:18.568713Z,2025-10-14T06:38:18.568713Z,False,Website
web_0003,christopher35@example.com,61988138585.0,Christopher Wilson,2025-10-12T01:15:43.568713Z,2025-10-12T01:15:43.568713Z,False,Website
web_0004,randy11@example.com,61149216433.0,Randy Warren,2025-10-05T14:42:46.568713Z,2025-10-05T14:42:46.568713Z,False,Website
web_0005,patrick89@example.com,61850163159.0,Patrick Gibbs,2025-10-09T10:45:53.568713Z,2025-10-09T15:39:53.568713Z,False,Website
web_0006,ann6@example.com,61262251790.0,Ann Reynolds,2025-10-13T05:37:22.568713Z,2025-10-13T19:58:22.568713Z,True,Website
web_0007,ryan4@example.com,61903404384.0,Ryan Burns,2025-10-11T08:20:08.568713Z,2025-10-11T08:20:08.568713Z,True,Website
web_0008,james26@example.com,61692966278.0,James Thomas,2025-10-09T05:52:33.568713Z,2025-10-09T19:18:33.568713Z,,Website
web_0009,jason18@example.com,61711798089.0,Jason Bauer,2025-10-07T07:01:35.568713Z,2025-10-07T07:01:35.568713Z,False,Website
web_0010,matthew11@example.com,61527858549.0,Matthew Fox,2025-10-14T04:42:42.568713Z,2025-10-14T17:56:42.568713Z,False,Website
web_0011,todd78@example.com,61990916998.0,Todd Hudson,2025-10-07T08:48:09.568713Z,2025-10-07T08:48:09.568713Z,True,Website
web_0012,,61856914630.0,Christina Morton,2025-10-11T15:19:37.568713Z,2025-10-11T15:19:37.568713Z,False,Website
web_0013,alison38@example.com,61888992107.0,Alison Short,2025-10-10T10:11:48.568713Z,2025-10-10T15:35:48.568713Z,,Website
web_0014,danielle20@example.com,61975523149.0,Danielle Gonzalez,2025-10-08T23:03:03.568713Z,2025-10-08T23:03:03.568713Z,False,Website
web_0015,rachael28@example.com,61330923271.0,,2025-10-09T16:48:41.568713Z,2025-10-09T23:11:41.568713Z,False,Website
web_0016,lori97@example.com,61348247710.0,Lori Wolf,2025-10-11T13:19:52.568713Z,2025-10-11T13:19:52.568713Z,False,Website
web_0017,lisa16@example.com,61267722330.0,Lisa Joseph,2025-10-09T10:40:09.568713Z,2025-10-09T18:12:09.568713Z,False,Website
web_0018,donald60@example.com,61099861622.0,Donald Ellis,2025-10-11T18:39:05.568713Z,2025-10-12T04:24:05.568713Z,False,Website
web_0019,kara64@example.com,,Kara Wilson,2025-10-11T00:45:42.568713Z,2025-10-11T15:30:42.568713Z,,Website
web_0020,nina79@example.com,61277907141.0,Nina Ali,2025-10-14T03:35:45.568713Z,2025-10-14T06:49:45.568713Z,,Website
web_0021,sandy53@example.com,61059296222.0,Sandy Stephenson,2025-10-05T02:00:58.568713Z,2025-10-05T02:00:58.568713Z,True,Website
web_0022,mary84@example.com,61586938068.0,Mary Miller,2025-10-10T10:05:45.568713Z,2025-10-10T10:05:45.568713Z,False,Website
web_0023,mike89@example.com,61312073564.0,Mike Acosta,2025-10-06T07:49:11.568713Z,2025-10-06T07:49:11.568713Z,True,Website
web_0024,,61916247314.0,Robert Velez,2025-10-13T04:05:08.568713Z,2025-10-13T10:49:08.568713Z,True,Website
web_0025,bobby69@example.com,61898614341.0,Bobby Scott,2025-10-09T18:42:47.568713Z,2025-10-09T18:42:47.568713Z,False,Website
web_0026,david58@example.com,61171822782.0,David Bradley,2025-10-12T01:46:14.568713Z,2025-10-12T01:46:14.568713Z,True,Website
web_0027,jessica71@example.com,61296717565.0,Jessica Ramirez,2025-10-10T10:26:10.568713Z,2025-10-10T23:06:10.568713Z,,Website
web_0028,kimberly93@example.com,61533963605.0,Kimberly Gibson,2025-10-09T22:40:43.568713Z,2025-10-10T14:53:43.568713Z,True,Website
web_0029,beverly96@example.com,61173109678.0,Beverly Russo,2025-10-08T21:40:44.568713Z,2025-10-08T21:40:44.568713Z,False,Website
web_0030,james99@example.com,61688937346.0,James Snow,2025-10-07T11:19:26.568713Z,2025-10-08T01:28:26.568713Z,,Website
web_0031,patrick57@example.com,61280988516.0,Patrick Watson,2025-10-08T20:02:10.568713Z,2025-10-08T20:02:10.568713Z,,Website
web_0032,sandy53@example.com,61059296222.0,Sandy Stephenson,2025-10-04T21:06:44.568713Z,2025-10-04T23:15:44.568713Z,,Website
web_0033,brandon56@example.com,61888610158.0,Brandon Jordan,2025-10-12T22:50:04.568713Z,2025-10-12T22:50:04.568713Z,True,Website
web_0034,brittany99@example.com,61294278816.0,Brittany Long,2025-10-12T05:23:26.568713Z,2025-10-12T07:13:26.568713Z,False,Website
web_0035,rebecca97@example.com,61424508821.0,Rebecca Atkinson,2025-10-13T02:36:28.568713Z,2025-10-13T12:47:28.568713Z,,Website
web_0036,tammy59@example.com,,Tammy Little,2025-10-12T22:35:49.568713Z,2025-10-13T13:44:49.568713Z,True,Website
web_0037,patrick89@example.com,61850163159.0,Patrick Gibbs,2025-10-09T20:19:32.568713Z,2025-10-09T20:19:32.568713Z,False,Website
web_0038,victoria36@example.com,61965569816.0,Victoria Johnson,2025-10-13T11:13:06.568713Z,2025-10-13T13:18:06.568713Z,False,Website
web_0039,elizabeth80@example.com,61045301742.0,Elizabeth Sharp,2025-10-09T03:34:16.568713Z,2025-10-09T12:13:16.568713Z,True,Website
web_0040,kimberly93@example.com,61533963605.0,Kimberly Gibson,2025-10-11T11:11:32.568713Z,2025-10-11T11:11:32.568713Z,,Website
web_0041,yolanda99@example.com,61266609935.0,,2025-10-09T02:01:05.568713Z,2025-10-09T02:01:05.568713Z,False,Website
web_0042,renee87@example.com,,Renee Blair,2025-10-04T18:06:32.568713Z,2025-10-04T18:06:32.568713Z,True,Website
web_0043,wyatt39@example.com,61959953428.0,Wyatt Young,2025-10-05T16:41:01.568713Z,2025-10-06T05:33:01.568713Z,,Website
web_0044,shirley49@example.com,61427849808.0,Shirley Suarez,2025-10-12T18:54:44.568713Z,2025-10-12T20:47:44.568713Z,False,Website
web_0045,christina4@example.com,61452288515.0,Christina Weber,2025-10-04T22:12:40.568713Z,2025-10-05T01:48:40.568713Z,True,Website
web_0046,george63@example.com,,George Pierce,2025-10-06T19:28:18.568713Z,2025-10-07T07:28:18.568713Z,True,Website
web_0047,kathryn47@example.com,61188924141.0,Kathryn Perry,2025-10-11T17:36:11.568713Z,2025-10-11T17:36:11.568713Z,,Website
web_0048,adam88@example.com,61657569245.0,Adam Foster,2025-10-14T07:31:11.568713Z,2025-10-14T07:31:11.568713Z,False,Website
web_0049,jennifer29@example.com,61669096705.0,Jennifer Clark,2025-10-08T02:53:41.568713Z,2025-10-08T02:53:41.568713Z,True,Website
web_0050,david65@example.com,61291380003.0,David Garcia,2025-10-06T23:22:14.568713Z,2025-10-07T03:44:14.568713Z,True,Website
web_0051,ronald1@example.com,61090974395.0,Ronald Foster,2025-10-14T11:51:58.568713Z,2025-10-15T03:37:58.568713Z,,Website
web_0052,karen27@example.com,61011972181.0,Karen Young,2025-10-12T13:45:22.568713Z,2025-10-12T18:26:22.568713Z,,Website
web_0053,gavin47@example.com,,Gavin Anderson,2025-10-08T17:33:43.568713Z,2025-10-08T17:33:43.568713Z,True,Website
web_0054,yolanda99@example.com,61266609935.0,Yolanda Green,2025-10-14T14:30:03.568713Z,2025-10-15T00:49:03.568713Z,False,Website
web_0055,kathryn47@example.com,61188924141.0,Kathryn Perry,2025-10-06T16:11:36.568713Z,2025-10-06T23:39:36.568713Z,False,Website
web_0056,paul87@example.com,61826199062.0,Paul Carpenter,2025-10-09T17:10:05.568713Z,2025-10-10T02:41:05.568713Z,,Website
web_0057,laurie37@example.com,61237354033.0,Laurie Powers,2025-10-13T19:55:03.568713Z,2025-10-13T19:55:03.568713Z,False,Website
web_0058,peter83@example.com,61533448571.0,Peter Fowler,2025-10-09T19:25:16.568713Z,2025-10-09T19:25:16.568713Z,,Website
web_0059,jesse11@example.com,61838638406.0,Jesse Jensen,2025-10-10T08:28:22.568713Z,2025-10-10T10:48:22.568713Z,True,Website
web_0060,mackenzie90@example.com,61234332003.0,Mackenzie Rogers,2025-10-10T13:16:12.568713Z,2025-10-10T19:41:12.568713Z,True,Website
web_0061,tammie82@example.com,61216117240.0,Tammie Bright,2025-10-09T23:24:59.568713Z,2025-10-09T23:24:59.568713Z,,Website
web_0062,william63@example.com,61165820297.0,William Gould,2025-10-08T04:09:39.568713Z,2025-10-08T04:09:39.568713Z,,Website
web_0063,david23@example.com,61889937567.0,David Dixon,2025-10-13T19:48:26.568713Z,2025-10-13T19:48:26.568713Z,True,Website
web_0064,paula54@example.com,61356420873.0,Paula Decker,2025-10-05T20:36:18.568713Z,2025-10-06T12:03:18.568713Z,,Website
web_0065,lisa99@example.com,61224808613.0,Lisa Allen,2025-10-11T09:02:45.568713Z,2025-10-11T15:37:45.568713Z,True,Website
web_0066,andrew2@example.com,,Andrew Harper,2025-10-09T20:05:08.568713Z,2025-10-10T00:58:08.568713Z,False,Website
web_0067,anna44@example.com,61355543987.0,,2025-10-07T20:12:43.568713Z,2025-10-07T20:12:43.568713Z,,Website
web_0068,daniel58@example.com,61896910858.0,Daniel Turner,2025-10-11T17:03:18.568713Z,2025-10-12T08:29:18.568713Z,False,Website
web_0069,daniel72@example.com,61785082148.0,,2025-10-09T23:31:37.568713Z,2025-10-09T23:31:37.568713Z,True,Website
web_0070,michael35@example.com,61037589975.0,Michael Clements,2025-10-13T10:56:39.568713Z,2025-10-14T01:50:39.568713Z,False,Website
web_0071,todd78@example.com,61990916998.0,Todd Hudson,2025-10-06T11:57:17.568713Z,2025-10-06T11:57:17.568713Z,False,Website
web_0072,maria50@example.com,61102499471.0,Maria Kerr,2025-10-12T13:46:08.568713Z,2025-10-12T16:04:08.568713Z,True,Website
web_0073,daniel3@example.com,61129087814.0,Daniel Davenport,2025-10-09T09:31:58.568713Z,2025-10-09T23:25:58.568713Z,,Website
web_0074,frank43@example.com,61672946671.0,Frank Wright,2025-10-10T00:42:57.568713Z,2025-10-10T06:58:57.568713Z,False,Website
web_0075,marc74@example.com,61405147705.0,Marc Hernandez,2025-10-10T09:40:28.568713Z,2025-10-10T11:04:28.568713Z,,Website
web_0076,melissa47@example.com,61244472126.0,Melissa Jackson,2025-10-09T01:55:39.568713Z,2025-10-09T14:09:39.568713Z,False,Website
web_0077,leon20@example.com,,Leon Reyes,2025-10-10T13:09:15.568713Z,2025-10-10T13:09:15.568713Z,False,Website
web_0078,,61189141173.0,Mercedes Barnes,2025-10-06T15:54:07.568713Z,2025-10-07T02:16:07.568713Z,,Website
web_0079,james56@example.com,61518275539.0,James Goodman,2025-10-07T07:08:58.568713Z,2025-10-07T07:08:58.568713Z,False,Website
web_0080,grant95@example.com,61875717751.0,Grant Mueller,2025-10-05T15:42:42.568713Z,2025-10-05T15:42:42.568713Z,False,Website
web_0081,richard71@example.com,61237597383.0,Richard Stevenson,2025-10-09T08:39:08.568713Z,2025-10-09T10:57:08.568713Z,True,Website
web_0082,dennis49@example.com,61596969155.0,Dennis Huffman,2025-10-09T17:07:57.568713Z,2025-10-09T17:07:57.568713Z,False,Website
web_0083,joshua61@example.com,61284879206.0,Joshua Harris,2025-10-07T19:49:28.568713Z,2025-10-08T04:14:28.568713Z,True,Website
web_0084,heidi65@example.com,61088398225.0,Heidi Stark,2025-10-09T05:15:53.568713Z,2025-10-09T05:15:53.568713Z,,Website
web_0085,ronald34@example.com,61929750017.0,Ronald Morgan,2025-10-12T07:43:43.568713Z,2025-10-12T07:43:43.568713Z,False,Website
web_0086,terry81@example.com,61964990913.0,Terry Evans,2025-10-04T19:17:20.568713Z,2025-10-04T19:17:20.568713Z,False,Website
web_0087,robert78@example.com,61562386922.0,Robert Carter,2025-10-05T23:53:33.568713Z,2025-10-06T16:12:33.568713Z,,Website
web_0088,carrie71@example.com,61772217043.0,Carrie Maxwell,2025-10-06T21:00:05.568713Z,2025-10-06T21:00:05.568713Z,,Website
web_0089,lori52@example.com,61843256216.0,Lori Johns,2025-10-14T00:24:14.568713Z,2025-10-14T00:24:14.568713Z,,Website
web_0090,michael48@example.com,61194311426.0,Michael Guerrero,2025-10-11T01:35:51.568713Z,2025-10-11T13:20:51.568713Z,True,Website
web_0091,michele65@example.com,61262702895.0,Michele Shepherd,2025-10-10T05:17:06.568713Z,2025-10-10T11:36:06.568713Z,,Website
web_0092,ashley19@example.com,61135521570.0,Ashley Crawford,2025-10-14T05:59:31.568713Z,2025-10-14T20:45:31.568713Z,True,Website
web_0093,randy11@example.com,61149216433.0,Randy Warren,2025-10-12T02:00:07.568713Z,2025-10-12T03:32:07.568713Z,False,Website
web_0094,tim80@example.com,,Tim Wilson,2025-10-14T14:35:21.568713Z,2025-10-14T14:35:21.568713Z,False,Website
web_0095,mark75@example.com,61994101372.0,Mark Newman,2025-10-05T11:31:53.568713Z,2025-10-05T11:31:53.568713Z,False,Website
web_0096,carlos43@example.com,61500292185.0,Carlos Love,2025-10-13T19:05:38.568713Z,2025-10-13T20:44:38.568713Z,False,Website
web_0097,andrew2@example.com,61030673830.0,Andrew Harper,2025-10-12T16:14:02.568713Z,2025-10-12T18:34:02.568713Z,,Website
web_0098,matthew11@example.com,61527858549.0,Matthew Fox,2025-10-09T20:41:05.568713Z,2025-10-10T07:12:05.568713Z,,Website
web_0099,jonathan43@example.com,61500528127.0,Jonathan Parks,2025-10-05T04:10:47.568713Z,2025-10-05T06:02:47.568713Z,False,Website
web_0100,kellie55@example.com,61217223320.0,Kellie Duncan,2025-10-14T11:47:57.568713Z,2025-10-14T12:39:57.568713Z,,Website
web_0101,ronald34@example.com,61929750017.0,Ronald Morgan,2025-10-05T11:36:53.568713Z,2025-10-05T11:36:53.568713Z,True,Website
web_0102,bryan99@example.com,61713900532.0,Bryan Charles,2025-10-11T17:02:09.568713Z,2025-10-11T17:02:09.568713Z,,Website
web_0103,patrick57@example.com,61280988516.0,Patrick Watson,2025-10-13T03:13:55.568713Z,2025-10-13T03:13:55.568713Z,,Website
web_0104,adrian56@example.com,61184895543.0,Adrian Padilla,2025-10-09T11:05:15.568713Z,2025-10-10T03:09:15.568713Z,False,Website
web_0105,andrew91@example.com,61021465669.0,Andrew Allen,2025-10-09T01:14:47.568713Z,2025-10-09T12:46:47.568713Z,,Website
web_0106,jennifer15@example.com,61228733427.0,Jennifer Evans,2025-10-06T03:22:44.568713Z,2025-10-06T03:22:44.568713Z,,Website
web_0107,kathryn8@example.com,61392407581.0,Kathryn Barnes,2025-10-13T23:28:49.568713Z,2025-10-14T10:53:49.568713Z,,Website
web_0108,mary30@example.com,61606071596.0,,2025-10-12T20:31:07.568713Z,2025-10-13T12:28:07.568713Z,False,Website
web_0109,judy23@example.com,61251863637.0,Judy Beck,2025-10-13T23:13:23.568713Z,2025-10-13T23:13:23.568713Z,,Website
web_0110,katie16@example.com,61959351863.0,Katie Gross,2025-10-11T08:48:16.568713Z,2025-10-11T21:34:16.568713Z,False,Website
web_0111,anthony91@example.com,61566139060.0,Anthony Wise,2025-10-13T09:51:29.568713Z,2025-10-14T01:52:29.568713Z,True,Website
web_0112,katie16@example.com,61959351863.0,Katie Gross,2025-10-06T15:16:52.568713Z,2025-10-06T15:16:52.568713Z,False,Website
web_0113,brian99@example.com,61621815997.0,Brian Peterson,2025-10-10T18:14:28.568713Z,2025-10-10T20:37:28.568713Z,False,Website
web_0114,amber87@example.com,61787298259.0,Amber Taylor,2025-10-13T15:11:04.568713Z,2025-10-13T21:19:04.568713Z,,Website
web_0115,wesley28@example.com,61717744905.0,Wesley Stewart,2025-10-08T19:02:35.568713Z,2025-10-08T19:02:35.568713Z,False,Website
web_0116,janet21@example.com,61261825128.0,Janet Kane DVM,2025-10-13T07:54:38.568713Z,2025-10-13T07:54:38.568713Z,,Website
web_0117,maria58@example.com,61341638944.0,Maria Clayton,2025-10-06T11:18:32.568713Z,2025-10-07T01:26:32.568713Z,,Website
web_0118,megan10@example.com,61363926495.0,Megan Salas,2025-10-08T12:00:00.568713Z,2025-10-09T03:20:00.568713Z,,Website
web_0119,robert53@example.com,61512382825.0,Robert Wilson,2025-10-08T15:33:39.568713Z,2025-10-09T05:29:39.568713Z,True,Website
web_0120,kristy89@example.com,61413797723.0,Kristy Smith,2025-10-11T15:55:25.568713Z,2025-10-11T18:59:25.568713Z,True,Website
web_0121,dennis56@example.com,61066984902.0,Dennis Wood,2025-10-11T04:26:42.568713Z,2025-10-11T20:53:42.568713Z,,Website
web_0122,misty39@example.com,61279194096.0,Misty Mcguire,2025-10-07T14:53:41.568713Z,2025-10-07T14:53:41.568713Z,False,Website
web_0123,jim52@example.com,61881914858.0,Jim Newton,2025-10-08T21:37:50.568713Z,2025-10-08T21:37:50.568713Z,,Website
web_0124,george63@example.com,61026012796.0,,2025-10-07T17:13:05.568713Z,2025-10-07T17:47:05.568713Z,False,Website
web_0125,richard41@example.com,61902330307.0,Richard Warren,2025-10-04T19:52:13.568713Z,2025-10-04T19:52:13.568713Z,False,Website
web_0126,paige86@example.com,61227799799.0,Paige Rios,2025-10-08T19:59:03.568713Z,2025-10-08T19:59:03.568713Z,,Website
web_0127,leslie1@example.com,61036900343.0,Leslie Rose,2025-10-11T11:00:22.568713Z,2025-10-12T03:35:22.568713Z,False,Website
web_0128,chad23@example.com,61586833901.0,Chad Neal,2025-10-07T10:21:13.568713Z,2025-10-08T00:50:13.568713Z,True,Website
web_0129,penny20@example.com,,Penny Bowman,2025-10-11T11:03:30.568713Z,2025-10-11T11:03:30.568713Z,False,Website
web_0130,caitlin53@example.com,,Caitlin Watson,2025-10-09T18:08:05.568713Z,2025-10-09T18:08:05.568713Z,True,Website
web_0131,matthew71@example.com,61411824493.0,Matthew Mcmillan,2025-10-12T22:40:10.568713Z,2025-10-13T13:30:10.568713Z,False,Website
web_0132,,,Anna Davidson,2025-10-06T08:12:19.568713Z,2025-10-06T08:12:19.568713Z,,Website
web_0133,christopher58@example.com,61333346800.0,Christopher Armstrong,2025-10-10T01:59:51.568713Z,2025-10-10T10:44:51.568713Z,False,Website
web_0134,amanda36@example.com,61836134074.0,Amanda Ball,2025-10-10T16:25:58.568713Z,2025-10-10T16:25:58.568713Z,True,Website
web_0135,gary51@example.com,61773926030.0,Gary Wilson,2025-10-09T23:08:35.568713Z,2025-10-10T13:21:35.568713Z,True,Website
web_0136,patricia69@example.com,61104300684.0,Patricia Smith,2025-10-12T07:32:47.568713Z,2025-10-12T21:06:47.568713Z,False,Website
web_0137,julie98@example.com,61821759464.0,Julie Roberts,2025-10-12T15:59:59.568713Z,2025-10-12T15:59:59.568713Z,True,Website
web_0138,veronica10@example.com,61179469548.0,Veronica Rice,2025-10-08T09:10:53.568713Z,2025-10-08T10:11:53.568713Z,,Website
web_0139,james53@example.com,61723046184.0,James Kelley,2025-10-04T15:22:38.568713Z,2025-10-04T15:22:38.568713Z,False,Website
web_0140,,,Mark Newman,2025-10-10T21:17:42.568713Z,2025-10-10T22:55:42.568713Z,,Website
web_0141,susan15@example.com,61274846773.0,Susan Murray MD,2025-10-11T07:28:47.568713Z,2025-10-11T07:28:47.568713Z,,Website
web_0142,mary30@example.com,,Mary Gomez,2025-10-04T18:10:21.568713Z,2025-10-05T00:36:21.568713Z,,Website
web_0143,sheryl15@example.com,61845775901.0,Sheryl Davis,2025-10-06T09:59:52.568713Z,2025-10-06T09:59:52.568713Z,True,Website
web_0144,john32@example.com,61851493689.0,John Boone,2025-10-09T10:32:22.568713Z,2025-10-09T10:32:22.568713Z,True,Website
web_0145,roger47@example.com,61517123685.0,Roger Olson,2025-10-10T17:34:10.568713Z,2025-10-11T03:11:10.568713Z,True,Website
web_0146,brian99@example.com,61621815997.0,Brian Peterson,2025-10-06T09:00:05.568713Z,2025-10-06T09:00:05.568713Z,False,Website
web_0147,christina81@example.com,61248740164.0,Christina Walters,2025-10-09T15:50:49.568713Z,2025-10-09T15:50:49.568713Z,False,Website
web_0148,brian50@example.com,61656523413.0,Brian Goodwin,2025-10-14T01:31:21.568713Z,2025-10-14T01:31:21.568713Z,,Website
web_0149,maurice46@example.com,61299468044.0,Maurice Gray,2025-10-05T01:59:31.568713Z,2025-10-05T14:58:31.568713Z,False,Website
web_0150,eric28@example.com,61663193149.0,Eric Byrd,2025-10-06T12:30:06.568713Z,2025-10-06T12:30:06.568713Z,False,Website
user_474355,carrie71@example.com,+447772217043,Carrie Maxwell,2025-10-16 10:07:05,2025-10-16 10:07:05,n,website
user_907797,,+447848947697,,2025-10-16 10:07:05,2025-10-16 10:07:05,n,website
user_586964,adam22@example.com,+447928272299,Adam Allen,2025-10-16 10:07:05,2025-10-16 10:07:05,n,website
user_898486,deborah14@example.com,+85226659184,Deborah Stephens,2025-10-16 10:07:05,2025-10-16 10:07:05,n,website
user_969106,paul69@example.com,+8610138759271,Paul Obrien,2025-10-16 10:07:05,2025-10-16 10:07:05,n,website
user_819167,robert53@example.com,+447512382825,,2025-10-16 10:07:05,2025-10-16 10:07:05,n,website
user_488270,,+447024103865,Cynthia Vasquez,2025-10-16 10:07:05,2025-10-16 10:07:05,n,website
user_473781,,+85291380003,,2025-10-16 10:07:05,2025-10-16 10:07:05,n,website
user_532511,,+447940777809,C. Harris,2025-10-16 10:07:05,2025-10-16 10:07:05,n,website
user_896581,,+447034944665,Carlos Thompson,2025-10-16 10:07:05,2025-10-16 10:07:05,n,website
user_615918,dennis56@example.com,+8615480157164,Dennis Wood,2025-10-16 10:07:05,2025-10-16 10:07:05,n,website
